{
  "point": {
    "cc_hat": 0.8545454545454544,
    "D": 0.55,
    "p1_hat": 0.62,
    "p0_hat": 0.09,
    "tpr_a": 0.72,
    "tpr_b": 0.65,
    "fpr_a": 0.035,
    "fpr_b": 0.035,
    "n1": 200,
    "n0": 200,
    "alpha_cap": 0.04
  },
  "bounds": {
    "I1": [
      0.3700000000000001,
      0.65
    ],
    "I0": [
      0.035,
      0.04
    ],
    "vbar1": 0.25,
    "vbar0": 0.0384
  },
  "ci": {
    "delta": 0.1,
    "lo": 0.5878894217843115,
    "hi": 1.1212014873065974,
    "target_t": null,
    "n1_star": null,
    "n0_star": null
  },
  "wilson": {
    "lo": 0.704476552116452,
    "hi": 1.0303379756348368
  },
  "bootstrap": null
}