rail,TPR,FPR,Δ,CI_lo,CI_hi,CC_max
week6_keyword,0.3513513513513513,0.0,0.3513513513513513,0.2432432432432432,0.45945945945945943,1.0
