{
  "name": "toy_threshold",
  "threshold": 0.13392857142857142,
  "fpr": 0.04,
  "n_texts": 200,
  "alpha_cap": 0.05,
  "target_window": [
    0.04,
    0.06
  ],
  "stack_fpr": 0.04,
  "timestamp": "2026-01-21T22:22:27.962648Z"
}